{"nombre":"SESSION_START","tiempo":1.7780630588531495,"sesion":612050246567501450}
{"nombre":"LEVEL_START","tiempo":4.850643634796143,"sesion":612050246567501450,"nivel":2}
{"nombre":"PLAYER_POSITION","tiempo":5.8165740966796879,"sesion":612050246567501450,"x":-3.6500000953674318,"y":0.2971458435058594}
{"nombre":"JUMP","tiempo":5.930089473724365,"sesion":612050246567501450,"x":-3.6500000953674318,"y":0.2971458435058594}
{"nombre":"PLAYER_POSITION","tiempo":6.817402362823486,"sesion":612050246567501450,"x":-3.6500000953674318,"y":0.28893420100212099}
{"nombre":"SESSION_END","tiempo":7.339675426483154,"sesion":612050246567501450}
