{"nombre":"SESSION_START","tiempo":2.3175463676452638,"sesion":4147301735535882507}
{"nombre":"SESSION_END","tiempo":7.936004638671875,"sesion":4147301735535882507}
