{"nombre":"SESSION_START","tiempo":2.1002774238586427,"sesion":8406291744839928557}
{"nombre":"SESSION_END","tiempo":2.280860424041748,"sesion":8406291744839928557}
