{"nombre":"SESSION_START","tiempo":2.9219508171081545,"sesion":3321428586615741721}
{"nombre":"LEVEL_START","tiempo":5.558528423309326,"sesion":3321428586615741721,"nivel":3}
{"nombre":"JUMP","tiempo":6.4343719482421879,"sesion":3321428586615741721,"x":-3.6500000953674318,"y":0.2971458435058594}
{"nombre":"PLAYER_POSITION","tiempo":6.522939205169678,"sesion":3321428586615741721,"x":-3.6500000953674318,"y":0.7228691577911377}
{"nombre":"PLAYER_POSITION","tiempo":7.527510166168213,"sesion":3321428586615741721,"x":-1.9610497951507569,"y":0.29705125093460085}
{"nombre":"JUMP","tiempo":7.779353618621826,"sesion":3321428586615741721,"x":-1.6468647718429566,"y":0.2971456050872803}
{"nombre":"PAUSE","tiempo":8.304262161254883,"sesion":3321428586615741721}
{"nombre":"PAUSE","tiempo":9.32904052734375,"sesion":3321428586615741721}
{"nombre":"SESSION_END","tiempo":11.9786958694458,"sesion":3321428586615741721}
