{"nombre":"SESSION_START","tiempo":2.925548791885376,"sesion":8696714715535230096}
{"nombre":"LEVEL_START","tiempo":5.417191028594971,"sesion":8696714715535230096,"nivel":3}
{"nombre":"PLAYER_POSITION","tiempo":6.401007175445557,"sesion":8696714715535230096,"x":-3.6500000953674318,"y":0.2971458435058594}
{"nombre":"JUMP","tiempo":6.598145961761475,"sesion":8696714715535230096,"x":-3.6500000953674318,"y":0.2971458435058594}
{"nombre":"LEVEL_START","tiempo":7.150613307952881,"sesion":8696714715535230096,"nivel":3}
{"nombre":"LEVEL_START","tiempo":7.734549522399902,"sesion":8696714715535230096,"nivel":4}
{"nombre":"LEVEL_START","tiempo":8.024421691894532,"sesion":8696714715535230096,"nivel":5}
{"nombre":"SESSION_END","tiempo":8.860016822814942,"sesion":8696714715535230096}
