{"nombre":"SESSION_START","tiempo":2.758416175842285,"sesion":2201516836370007904}
{"nombre":"LEVEL_START","tiempo":4.7292304039001469,"sesion":2201516836370007904,"nivel":3}
{"nombre":"PLAYER_POSITION","tiempo":5.586944580078125,"sesion":2201516836370007904,"x":-3.6500000953674318,"y":0.2971458435058594}
{"nombre":"PLAYER_POSITION","tiempo":6.5881242752075199,"sesion":2201516836370007904,"x":-3.6500000953674318,"y":0.2971458435058594}
{"nombre":"PLAYER_POSITION","tiempo":7.592150688171387,"sesion":2201516836370007904,"x":-3.6500000953674318,"y":0.2971458435058594}
{"nombre":"PLAYER_POSITION","tiempo":8.595634460449219,"sesion":2201516836370007904,"x":-3.6500000953674318,"y":0.2971458435058594}
{"nombre":"PLAYER_POSITION","tiempo":9.596595764160157,"sesion":2201516836370007904,"x":-3.6500000953674318,"y":0.2971458435058594}
{"nombre":"SESSION_END","tiempo":26.639677047729493,"sesion":2201516836370007904}
