{"nombre":"SESSION_START","tiempo":3.0037434101104738,"sesion":4008913115861290898}
{"nombre":"SESSION_END","tiempo":34.95186996459961,"sesion":4008913115861290898}
