{"nombre":"SESSION_START","tiempo":2.7164289951324465,"sesion":7215919310107406802}
{"nombre":"SESSION_END","tiempo":20.419164657592775,"sesion":7215919310107406802}
