{"nombre":"SESSION_START","tiempo":2.6884710788726808,"sesion":781585353153404146}
{"nombre":"SESSION_END","tiempo":18.710628509521486,"sesion":781585353153404146}
