{"nombre":"SESSION_START","tiempo":1.7200000286102296,"sesion":7867875754647319574}
{"nombre":"LEVEL_START","tiempo":5.010000228881836,"sesion":7867875754647319574,"nivel":3}
{"nombre":"JUMP","tiempo":5.989999771118164,"sesion":7867875754647319574,"x":-3.549583673477173,"y":0.2971458435058594}
{"nombre":"PLAYER_POSITION","tiempo":6.0,"sesion":7867875754647319574,"x":-3.549583673477173,"y":0.2971458435058594}
{"nombre":"JUMP","tiempo":6.880000114440918,"sesion":7867875754647319574,"x":-0.08045084029436112,"y":1.2471189498901368}
{"nombre":"PLAYER_POSITION","tiempo":7.0,"sesion":7867875754647319574,"x":0.5365006327629089,"y":1.849924087524414}
{"nombre":"PLAYER_POSITION","tiempo":8.0,"sesion":7867875754647319574,"x":5.145678520202637,"y":1.2471346855163575}
{"nombre":"JUMP","tiempo":8.210000038146973,"sesion":7867875754647319574,"x":6.091729640960693,"y":1.247145652770996}
{"nombre":"PLAYER_POSITION","tiempo":9.0,"sesion":7867875754647319574,"x":10.0326566696167,"y":1.7418415546417237}
{"nombre":"JUMP","tiempo":9.300000190734864,"sesion":7867875754647319574,"x":10.103081703186036,"y":1.7471442222595215}
{"nombre":"JUMP","tiempo":9.920000076293946,"sesion":7867875754647319574,"x":10.824197769165039,"y":2.759967088699341}
{"nombre":"PLAYER_POSITION","tiempo":10.0,"sesion":7867875754647319574,"x":10.5281982421875,"y":3.1837589740753176}
{"nombre":"SESSION_END","tiempo":10.739999771118164,"sesion":7867875754647319574}
