{"nombre":"SESSION_START","tiempo":2.8254873752593996,"sesion":2243960817426553768}
{"nombre":"LEVEL_START","tiempo":4.506718158721924,"sesion":2243960817426553768,"nivel":3}
{"nombre":"PLAYER_POSITION","tiempo":5.470338821411133,"sesion":2243960817426553768,"x":-3.6500000953674318,"y":0.2971458435058594}
{"nombre":"JUMP","tiempo":5.787032604217529,"sesion":2243960817426553768,"x":-3.6500000953674318,"y":0.2971458435058594}
{"nombre":"PLAYER_POSITION","tiempo":6.472021579742432,"sesion":2243960817426553768,"x":-3.0547568798065187,"y":1.0144033432006837}
{"nombre":"JUMP","tiempo":6.688078880310059,"sesion":2243960817426553768,"x":-2.2503581047058107,"y":0.291890412569046}
{"nombre":"PLAYER_POSITION","tiempo":7.473168849945068,"sesion":2243960817426553768,"x":-1.646950125694275,"y":0.2955935001373291}
{"nombre":"JUMP","tiempo":7.599982261657715,"sesion":2243960817426553768,"x":-1.646950125694275,"y":0.2970392405986786}
{"nombre":"PLAYER_POSITION","tiempo":8.474520683288575,"sesion":2243960817426553768,"x":-0.9488734602928162,"y":1.247145414352417}
{"nombre":"PLAYER_POSITION","tiempo":9.47651195526123,"sesion":2243960817426553768,"x":-0.9283577799797058,"y":1.247145652770996}
{"nombre":"PLAYER_POSITION","tiempo":10.478546142578125,"sesion":2243960817426553768,"x":-0.9283577799797058,"y":1.247145652770996}
{"nombre":"PLAYER_POSITION","tiempo":11.48103141784668,"sesion":2243960817426553768,"x":-0.9283577799797058,"y":1.247145652770996}
{"nombre":"PLAYER_POSITION","tiempo":12.481605529785157,"sesion":2243960817426553768,"x":-0.9283577799797058,"y":1.247145652770996}
{"nombre":"SESSION_END","tiempo":13.318441390991211,"sesion":2243960817426553768}
